<?xml version="1.0" encoding="UTF-8"?>
<!DOCTYPE hibernate-mapping PUBLIC "-//Hibernate/Hibernate Mapping DTD 3.0//EN" "http://hibernate.sourceforge.net/hibernate-mapping-3.0.dtd">

<hibernate-mapping>
  <class name="vatsal.Employee" table="Employee">
      
      <id column="id" name="id" type="int">
          <generator class = "native"></generator>
      </id>
      
      <property name="name">
          <column name="name"></column>
      </property>
      
      <property name="age">
          <column name="age"></column>
      </property>
      
      <property name="salary">
          <column name="salary"></column>
      </property>
      
      <property name="department">
          <column name="department"></column>
      </property>
              

  </class>
  
</hibernate-mapping>
